{
    "mse": 0.0038162168710173276,
    "mae": 0.03919311289229412,
    "rmse": 0.06177553618559152,
    "mean_diff": 0.002656577933992793,
    "std_diff": 0.02376201729953903,
    "avg_feature_correlation": -0.0036808730290275498,
    "min_feature_correlation": -0.011555853256585296,
    "tstr_accuracy": 0.7538461538461538,
    "tstr_f1": 0.6480431848852902,
    "trts_accuracy": 0.7538461538461538,
    "overall_score": 82.31767129940447,
    "range_similarity": 0.33710071444511414,
    "zero_similarity": 0.9953846153846154
}